Restaurant_Name,City,Area,Restaurant_Type,Cuisine,Restaurant_Rating,Review_Count,Price_Range,Dish_Name,Price,Portion_Size,Serving_Unit,Menu_Type,Source_URL
Radhe Kathiyawadi Dhaba,Gandhinagar,Kudasan,Dhaba,Kathiyawadi,4.4,620,₹300 for two,Kathiyawadi Thali,190,Regular,Plate,Full Meal,https://www.swiggy.com/city/gandhinagar/radhe-kathiyawadi-dhaba-kudasan
Radhe Kathiyawadi Dhaba,Gandhinagar,Kudasan,Dhaba,Kathiyawadi,4.4,620,₹300 for two,Ringan No Oro,160,Regular,Bowl,Main Course,https://www.swiggy.com/city/gandhinagar/radhe-kathiyawadi-dhaba-kudasan
Radhe Kathiyawadi Dhaba,Gandhinagar,Kudasan,Dhaba,Kathiyawadi,4.4,620,₹300 for two,Bajra No Rotlo,50,Regular,Piece,Breads,https://www.swiggy.com/city/gandhinagar/radhe-kathiyawadi-dhaba-kudasan
Radhe Kathiyawadi Dhaba,Gandhinagar,Kudasan,Dhaba,Kathiyawadi,4.4,620,₹300 for two,Sev Tameta,150,Regular,Bowl,Main Course,https://www.swiggy.com/city/gandhinagar/radhe-kathiyawadi-dhaba-kudasan
Toran Dining Hall,Gandhinagar,Sector 11,Casual Dining,Gujarati / Kathiyawadi,4.6,1840,₹550 for two,Special Gujarati Thali,280,Unlimited,Thali,Full Meal,https://www.zomato.com/gandhinagar/toran-dining-hall-sector-11
Toran Dining Hall,Gandhinagar,Sector 11,Casual Dining,Gujarati / Kathiyawadi,4.6,1840,₹550 for two,Kathiyawadi Combo Thali,240,Regular,Thali,Full Meal,https://www.zomato.com/gandhinagar/toran-dining-hall-sector-11
Toran Dining Hall,Gandhinagar,Sector 11,Casual Dining,Gujarati / Kathiyawadi,4.6,1840,₹550 for two,Masala Chaas,35,Glass,Glass,Beverage,https://www.zomato.com/gandhinagar/toran-dining-hall-sector-11
Tulsi Kathiyawadi Restaurant,Gandhinagar,Sargasan,Pure Veg Restaurant,Kathiyawadi,4.3,950,₹350 for two,Lasaniya Bataka,140,Regular,Bowl,Main Course,https://www.swiggy.com/city/gandhinagar/tulsi-kathiyawadi-sargasan
Tulsi Kathiyawadi Restaurant,Gandhinagar,Sargasan,Pure Veg Restaurant,Kathiyawadi,4.3,950,₹350 for two,Sev Tameta,150,Regular,Bowl,Main Course,https://www.swiggy.com/city/gandhinagar/tulsi-kathiyawadi-sargasan
Tulsi Kathiyawadi Restaurant,Gandhinagar,Sargasan,Pure Veg Restaurant,Kathiyawadi,4.3,950,₹350 for two,Vagharelo Rotlo,160,Regular,Plate,Specialty,https://www.swiggy.com/city/gandhinagar/tulsi-kathiyawadi-sargasan
Tulsi Kathiyawadi Restaurant,Gandhinagar,Sargasan,Pure Veg Restaurant,Kathiyawadi,4.3,950,₹350 for two,Rajwadi Khichdi Kadhi,170,Regular,Bowl,Main Course,https://www.swiggy.com/city/gandhinagar/tulsi-kathiyawadi-sargasan
Sasumaa Gujarati & Kathiyawadi,Gandhinagar,Sector 16,Casual Dining,Gujarati / Kathiyawadi,4.5,2100,₹500 for two,Unlimited Kathiyawadi Thali,260,Unlimited,Thali,Full Meal,https://www.zomato.com/gandhinagar/sasumaa-sector-16
Sasumaa Gujarati & Kathiyawadi,Gandhinagar,Sector 16,Casual Dining,Gujarati / Kathiyawadi,4.5,2100,₹500 for two,Ringan No Oro,170,Regular,Bowl,Main Course,https://www.zomato.com/gandhinagar/sasumaa-sector-16
Sasumaa Gujarati & Kathiyawadi,Gandhinagar,Sector 16,Casual Dining,Gujarati / Kathiyawadi,4.5,2100,₹500 for two,Makhan Bajra Rotlo,60,Regular,Piece,Breads,https://www.zomato.com/gandhinagar/sasumaa-sector-16
Shree Chamunda Kathiyawadi Dhaba,Gandhinagar,Infocity,Dhaba,Kathiyawadi,4.2,430,₹250 for two,Kathiyawadi Thali,170,Regular,Thali,Full Meal,https://www.swiggy.com/city/gandhinagar/shree-chamunda-dhaba-infocity
Shree Chamunda Kathiyawadi Dhaba,Gandhinagar,Infocity,Dhaba,Kathiyawadi,4.2,430,₹250 for two,Sev Dungri,130,Regular,Bowl,Main Course,https://www.swiggy.com/city/gandhinagar/shree-chamunda-dhaba-infocity
Shree Chamunda Kathiyawadi Dhaba,Gandhinagar,Infocity,Dhaba,Kathiyawadi,4.2,430,₹250 for two,Chaas Bottle,30,500ml,Bottle,Beverage,https://www.swiggy.com/city/gandhinagar/shree-chamunda-dhaba-infocity
Shree Khodiyar Kathiyawadi Dhaba,Gandhinagar,PDPU Road,Dhaba,Kathiyawadi,4.3,780,₹300 for two,Sev Tameta,150,Regular,Bowl,Main Course,https://www.zomato.com/gandhinagar/shree-khodiyar-kathiyawadi-pdpu-road
Shree Khodiyar Kathiyawadi Dhaba,Gandhinagar,PDPU Road,Dhaba,Kathiyawadi,4.3,780,₹300 for two,Ringan No Oro,160,Regular,Bowl,Main Course,https://www.zomato.com/gandhinagar/shree-khodiyar-kathiyawadi-pdpu-road
Shree Khodiyar Kathiyawadi Dhaba,Gandhinagar,PDPU Road,Dhaba,Kathiyawadi,4.3,780,₹300 for two,Bajra No Rotlo,45,Regular,Piece,Breads,https://www.zomato.com/gandhinagar/shree-khodiyar-kathiyawadi-pdpu-road
Atithi Dining Hall,Ahmedabad,Bodakdev,Fine Dining,Gujarati / Kathiyawadi,4.7,4890,₹650 for two,Royal Kathiyawadi Thali,320,Unlimited,Thali,Full Meal,https://www.swiggy.com/city/ahmedabad/atithi-dining-hall-bodakdev
Atithi Dining Hall,Ahmedabad,Bodakdev,Fine Dining,Gujarati / Kathiyawadi,4.7,4890,₹650 for two,Special Ringan Oro,190,Regular,Bowl,Main Course,https://www.swiggy.com/city/ahmedabad/atithi-dining-hall-bodakdev
Atithi Dining Hall,Ahmedabad,Bodakdev,Fine Dining,Gujarati / Kathiyawadi,4.7,4890,₹650 for two,Vaghareli Khichdi Kadhi,180,Regular,Bowl,Main Course,https://www.swiggy.com/city/ahmedabad/atithi-dining-hall-bodakdev
Grand Morbi Kathiyawadi,Ahmedabad,Bopal,Pure Veg Restaurant,Kathiyawadi,4.4,1420,₹400 for two,Kathiyawadi Fixed Thali,210,Regular,Thali,Full Meal,https://www.swiggy.com/city/ahmedabad/grand-morbi-kathiyawadi-bopal
Grand Morbi Kathiyawadi,Ahmedabad,Bopal,Pure Veg Restaurant,Kathiyawadi,4.4,1420,₹400 for two,Lasaniya Bataka,160,Regular,Bowl,Main Course,https://www.swiggy.com/city/ahmedabad/grand-morbi-kathiyawadi-bopal
Grand Morbi Kathiyawadi,Ahmedabad,Bopal,Pure Veg Restaurant,Kathiyawadi,4.4,1420,₹400 for two,Sev Tameta,160,Regular,Bowl,Main Course,https://www.swiggy.com/city/ahmedabad/grand-morbi-kathiyawadi-bopal
Grand Morbi Kathiyawadi,Ahmedabad,Bopal,Pure Veg Restaurant,Kathiyawadi,4.4,1420,₹400 for two,Ghee Gud Bajra Rotlo,70,Regular,Piece,Breads,https://www.swiggy.com/city/ahmedabad/grand-morbi-kathiyawadi-bopal
Gopi Dining Hall,Ahmedabad,Ashram Road,Casual Dining,Gujarati / Kathiyawadi,4.5,3200,₹550 for two,Executive Kathiyawadi Thali,270,Regular,Thali,Full Meal,https://www.zomato.com/ahmedabad/gopi-dining-hall-ashram-road
Gopi Dining Hall,Ahmedabad,Ashram Road,Casual Dining,Gujarati / Kathiyawadi,4.5,3200,₹550 for two,Ringan No Oro,180,Regular,Bowl,Main Course,https://www.zomato.com/ahmedabad/gopi-dining-hall-ashram-road
Gopi Dining Hall,Ahmedabad,Ashram Road,Casual Dining,Gujarati / Kathiyawadi,4.5,3200,₹550 for two,Masala Chaas,35,Glass,Glass,Beverage,https://www.zomato.com/ahmedabad/gopi-dining-hall-ashram-road
Pakwan Dining Hall,Ahmedabad,Satellite,Casual Dining,Gujarati / Kathiyawadi,4.6,5600,₹600 for two,Traditional Gujarati Kathiyawadi Thali,290,Unlimited,Thali,Full Meal,https://www.swiggy.com/city/ahmedabad/pakwan-dining-hall-satellite
Pakwan Dining Hall,Ahmedabad,Satellite,Casual Dining,Gujarati / Kathiyawadi,4.6,5600,₹600 for two,Sev Tameta Nu Shaak,175,Regular,Bowl,Main Course,https://www.swiggy.com/city/ahmedabad/pakwan-dining-hall-satellite
Pakwan Dining Hall,Ahmedabad,Satellite,Casual Dining,Gujarati / Kathiyawadi,4.6,5600,₹600 for two,Bajra Rotla Makhan,65,Regular,Piece,Breads,https://www.swiggy.com/city/ahmedabad/pakwan-dining-hall-satellite
