Menu_Price_ID,Restaurant_ID,Product_ID,Price,Portion_Size,Serving_Unit,Dish_rating,Menu_Type,Source_URL,Price_Date
MP001,R001,P001,249,400,Gm,,Delivery,https://www.swiggy.com/city/ahmedabad/shree-khodiyar-kathiyawadi-dhaba-naranpura-rest1231583,2026-08-25 00:00:00
MP002,R001,P002,249,400,Gm,,Delivery,https://www.swiggy.com/city/ahmedabad/shree-khodiyar-kathiyawadi-dhaba-naranpura-rest1231583,2026-08-25
MP003,R001,P003,289,400,Gm,,Delivery,https://www.swiggy.com/city/ahmedabad/shree-khodiyar-kathiyawadi-dhaba-naranpura-rest1231583,2026-08-25
MP004,R001,P005,30,1,Plate,,Delivery,https://www.swiggy.com/city/ahmedabad/shree-khodiyar-kathiyawadi-dhaba-naranpura-rest1231583,2026-08-25
MP005,R001,P006,60,1,Plate,,Delivery,https://www.swiggy.com/city/ahmedabad/shree-khodiyar-kathiyawadi-dhaba-naranpura-rest1231583,2026-08-25
MP006,R001,P007,70,1,Plate,,Delivery,https://www.swiggy.com/city/ahmedabad/shree-khodiyar-kathiyawadi-dhaba-naranpura-rest1231583,2026-08-25
MP007,R002,P008,119,1,Thali,4.1,Delivery,https://www.swiggy.com/city/ahmedabad/om-kathiyawadi-dhaba-prahlad-nagar-rest946578,2026-08-25
MP008,R002,P009,142,1,Thali,3.3,Delivery,https://www.swiggy.com/city/ahmedabad/om-kathiyawadi-dhaba-prahlad-nagar-rest946578,2026-08-25
MP009,R002,P010,179,1,Serving,,Delivery,https://www.swiggy.com/city/ahmedabad/om-kathiyawadi-dhaba-prahlad-nagar-rest946578,2026-08-25
MP010,R002,P011,220,400,Gm,,Delivery,https://www.swiggy.com/city/ahmedabad/om-kathiyawadi-dhaba-prahlad-nagar-rest946578,2026-08-25
MP011,R002,P012,179,400,Gm,,Delivery,https://www.swiggy.com/city/ahmedabad/om-kathiyawadi-dhaba-prahlad-nagar-rest946578,2026-08-25
MP012,R002,P013,189,400,Gm,,Delivery,https://www.swiggy.com/city/ahmedabad/om-kathiyawadi-dhaba-prahlad-nagar-rest946578,2026-08-25
MP013,R002,P014,240,400,Gm,,Delivery,https://www.swiggy.com/city/ahmedabad/om-kathiyawadi-dhaba-prahlad-nagar-rest946578,2026-08-25
MP014,R002,P042,189,400,Gm,,Delivery,https://www.swiggy.com/city/ahmedabad/om-kathiyawadi-dhaba-prahlad-nagar-rest946578,2026-08-25
MP015,R002,P015,179,400,Gm,,Delivery,https://www.swiggy.com/city/ahmedabad/om-kathiyawadi-dhaba-prahlad-nagar-rest946578,2026-08-25
MP016,R002,P016,209,400,Gm,,Delivery,https://www.swiggy.com/city/ahmedabad/om-kathiyawadi-dhaba-prahlad-nagar-rest946578,2026-08-25
MP017,R003,P010,150,1,Serving,4.5,Delivery,https://www.swiggy.com/city/ahmedabad/shree-chamunda-kathiyawadi-dhaba-chandkheda-rest666917,2026-08-25
MP018,R003,P017,80,1,Serving,4.4,Delivery,https://www.swiggy.com/city/ahmedabad/shree-chamunda-kathiyawadi-dhaba-chandkheda-rest666917,2026-08-25
MP019,R003,P018,119,1,Serving,3.3,Delivery,https://www.swiggy.com/city/ahmedabad/shree-chamunda-kathiyawadi-dhaba-chandkheda-rest666917,2026-08-25
MP020,R003,P013,125,1,Serving,4.2,Delivery,https://www.swiggy.com/city/ahmedabad/shree-chamunda-kathiyawadi-dhaba-chandkheda-rest666917,2026-08-25
MP021,R003,P019,170,1,Serving,,Delivery,https://www.swiggy.com/city/ahmedabad/shree-chamunda-kathiyawadi-dhaba-chandkheda-rest666917,2026-08-25
MP022,R004,P001,300,1,Serving,4.3,Delivery,https://www.swiggy.com/city/ahmedabad/shree-marutinandan-kathiyawadi-restaurant-shahpur-rest787611,2026-08-25
MP023,R004,P020,300,1,Serving,4.0,Delivery,https://www.swiggy.com/city/ahmedabad/shree-marutinandan-kathiyawadi-restaurant-shahpur-rest787611,2026-08-25
MP024,R004,P021,340,1,Serving,5.0,Delivery,https://www.swiggy.com/city/ahmedabad/shree-marutinandan-kathiyawadi-restaurant-shahpur-rest787611,2026-08-25
MP025,R004,P022,285,1,Serving,,Delivery,https://www.swiggy.com/city/ahmedabad/shree-marutinandan-kathiyawadi-restaurant-shahpur-rest787611,2026-08-25
MP026,R004,P023,400,1,Serving,4.0,Delivery,https://www.swiggy.com/city/ahmedabad/shree-marutinandan-kathiyawadi-restaurant-shahpur-rest787611,2026-08-25
MP027,R004,P024,385,1,Serving,5.0,Delivery,https://www.swiggy.com/city/ahmedabad/shree-marutinandan-kathiyawadi-restaurant-shahpur-rest787611,2026-08-25
MP028,R004,P011,300,1,Serving,4.2,Delivery,https://www.swiggy.com/city/ahmedabad/shree-marutinandan-kathiyawadi-restaurant-shahpur-rest787611,2026-08-25
MP029,R005,P026,251,1,Thali,4.4,Delivery,https://www.swiggy.com/city/ahmedabad/sorath-suddh-kathiyawadi-restaurant-gota-jagatpur-rest157685,2026-08-25 00:00:00
MP030,R006,P021,160,1,Serving,,Delivery,https://www.swiggy.com/city/ahmedabad/damodar-kathiyawadi-vastrapur-rest1408681,2026-08-25
MP031,R006,P014,160,1,Serving,,Delivery,https://www.swiggy.com/city/ahmedabad/damodar-kathiyawadi-vastrapur-rest1408681,2026-08-25
MP032,R006,P011,160,1,Serving,,Delivery,https://www.swiggy.com/city/ahmedabad/damodar-kathiyawadi-vastrapur-rest1408681,2026-08-25
MP033,R006,P004,160,1,Serving,,Delivery,https://www.swiggy.com/city/ahmedabad/damodar-kathiyawadi-vastrapur-rest1408681,2026-08-25
MP034,R006,P027,160,1,Serving,,Delivery,https://www.swiggy.com/city/ahmedabad/damodar-kathiyawadi-vastrapur-rest1408681,2026-08-25
MP035,R006,P041,160,1,Serving,,Delivery,https://www.swiggy.com/city/ahmedabad/damodar-kathiyawadi-vastrapur-rest1408681,2026-08-25
MP036,R007,P009,180,1,Thali,,Delivery,https://www.swiggy.com/city/ahmedabad/gir-kathiyawadi-restaurant-vastrapur-rest1113553,2026-08-25
MP037,R007,P014,140,1,Serving,,Delivery,https://www.swiggy.com/city/ahmedabad/gir-kathiyawadi-restaurant-vastrapur-rest1113553,2026-08-25
MP038,R007,P028,230,1,Plate,,Delivery,https://www.swiggy.com/city/ahmedabad/gir-kathiyawadi-restaurant-vastrapur-rest1113553,2026-08-25
MP039,R007,P042,210,1,Serving,,Delivery,https://www.swiggy.com/city/ahmedabad/gir-kathiyawadi-restaurant-vastrapur-rest1113553,2026-08-25
MP040,R007,P029,45,1,Plate,,Delivery,https://www.swiggy.com/city/ahmedabad/gir-kathiyawadi-restaurant-vastrapur-rest1113553,2026-08-25
MP041,R007,P006,65,1,Plate,,Delivery,https://www.swiggy.com/city/ahmedabad/gir-kathiyawadi-restaurant-vastrapur-rest1113553,2026-08-25
MP042,R008,P011,240,1,Serving,4.1,Delivery,https://www.swiggy.com/city/ahmedabad/kathyawadi-chatako-vastrapur-rest570833,2026-08-25
MP043,R009,P030,186,1,Serving,,Delivery,https://www.swiggy.com/city/ahmedabad/mr-and-mrs-kathiyawadi-vastrapur-rest1391742,2026-08-25
MP044,R009,P028,186,1,Plate,,Delivery,https://www.swiggy.com/city/ahmedabad/mr-and-mrs-kathiyawadi-vastrapur-rest1391742,2026-08-25
MP045,R009,P031,31,1,Plate,,Delivery,https://www.swiggy.com/city/ahmedabad/mr-and-mrs-kathiyawadi-vastrapur-rest1391742,2026-08-25
MP046,R009,P032,47,1,Plate,,Delivery,https://www.swiggy.com/city/ahmedabad/mr-and-mrs-kathiyawadi-vastrapur-rest1391742,2026-08-25
MP047,R009,P033,31,1,Plate,,Delivery,https://www.swiggy.com/city/ahmedabad/mr-and-mrs-kathiyawadi-vastrapur-rest1391742,2026-08-25
MP048,R009,P034,54,1,Plate,,Delivery,https://www.swiggy.com/city/ahmedabad/mr-and-mrs-kathiyawadi-vastrapur-rest1391742,2026-08-25
MP049,R009,P035,109,1,Plate,,Delivery,https://www.swiggy.com/city/ahmedabad/mr-and-mrs-kathiyawadi-vastrapur-rest1391742,2026-08-25
MP050,R009,P004,171,1,Serving,,Delivery,https://www.swiggy.com/city/ahmedabad/mr-and-mrs-kathiyawadi-vastrapur-rest1391742,2026-08-25
MP051,R010,P022,500,1,Serving,2.4,Delivery,https://www.swiggy.com/city/ahmedabad/rudu-kathiawad-vastrapur-rest99672,2026-08-25
MP052,R010,P037,500,1,Serving,3.5,Delivery,https://www.swiggy.com/city/ahmedabad/rudu-kathiawad-vastrapur-rest99672,2026-08-25
MP053,R010,P021,500,1,Serving,4.1,Delivery,https://www.swiggy.com/city/ahmedabad/rudu-kathiawad-vastrapur-rest99672,2026-08-25
MP054,R010,P038,420,1,Serving,4.3,Delivery,https://www.swiggy.com/city/ahmedabad/rudu-kathiawad-vastrapur-rest99672,2026-08-25
MP055,R010,P014,400,1,Serving,3.9,Delivery,https://www.swiggy.com/city/ahmedabad/rudu-kathiawad-vastrapur-rest99672,2026-08-25
MP056,R010,P027,501,1,Serving,3.8,Delivery,https://www.swiggy.com/city/ahmedabad/rudu-kathiawad-vastrapur-rest99672,2026-08-25
MP057,R010,P004,500,1,Serving,5.0,Delivery,https://www.swiggy.com/city/ahmedabad/rudu-kathiawad-vastrapur-rest99672,2026-08-25
MP058,R010,P025,520,1,Serving,,Delivery,https://www.swiggy.com/city/ahmedabad/rudu-kathiawad-vastrapur-rest99672,2026-08-25
MP059,R011,P011,139,1,Serving,,Delivery,https://www.swiggy.com/city/ahmedabad/special-kathiyawadi-vastrapur-rest1319021,2026-08-25
MP060,R011,P036,139,1,Serving,,Delivery,https://www.swiggy.com/city/ahmedabad/special-kathiyawadi-vastrapur-rest1319021,2026-08-25
MP061,R011,P004,139,1,Serving,,Delivery,https://www.swiggy.com/city/ahmedabad/special-kathiyawadi-vastrapur-rest1319021,2026-08-25
MP062,R011,P040,95,1,Serving,,Delivery,https://www.swiggy.com/city/ahmedabad/special-kathiyawadi-vastrapur-rest1319021,2026-08-25
MP063,R011,P028,169,1,Plate,4.4,Delivery,https://www.swiggy.com/city/ahmedabad/special-kathiyawadi-vastrapur-rest1319021,2026-08-25
MP064,R011,P023,169,1,Serving,,Delivery,https://www.swiggy.com/city/ahmedabad/special-kathiyawadi-vastrapur-rest1319021,2026-08-25
MP065,R005,P017,120,1,Serving,2.0,Delivery,Order from Sorath Suddh Kathiyawadi Restaurant online in Ahmedabad | Swiggy,2026-08-25 00:00:00
MP066,R005,P011,120,1,Serving,5.0,Delivery,https://www.swiggy.com/city/ahmedabad/sorath-suddh-kathiyawadi-restaurant-gota-jagatpur-rest157685,2026-08-25 00:00:00
MP067,R012,P025,120,200,Gm,,Delivery,Khodal Kathiyawadi Gota in Ahmedabad near me - Justdial,2026-08-25 00:00:00
MP068,R012,P011,120,200,Gm,,Delivery,Khodal Kathiyawadi Gota in Ahmedabad near me - Justdial,2026-08-25 00:00:00
MP069,R012,P039,140,200,Gm,,Delivery,Khodal Kathiyawadi Gota in Ahmedabad near me - Justdial,2026-08-25 00:00:00
MP070,R013,P016,90,1,Serving,,Delivery,https://www.zomato.com/ahmedabad/shree-varudi-khodiyar-gota,2026-08-25 00:00:00
MP071,R013,P011,80,1,Serving,,Delivery,https://www.zomato.com/ahmedabad/shree-varudi-khodiyar-gota,2026-08-25 00:00:00
MP072,R013,P022,80,1,Serving,,Delivery,https://www.zomato.com/ahmedabad/shree-varudi-khodiyar-gota,2026-08-25 00:00:00
MP073,R014,P010,60,1,Serving,,Delivery,"Gurudev Kathiyawadi Restaurant, Bodakdev, Ahmedabad | Zomato",2026-08-25 00:00:00
MP074,R014,P005,40,1,Serving,,Delivery,"Gurudev Kathiyawadi Restaurant, Bodakdev, Ahmedabad | Zomato",2026-08-25 00:00:00
MP075,R015,P013,230,1,Serving,,Delivery,"Bajaro Kathiyawadi Restaurant in Gota,Ahmedabad - Order Food Online - Best Inexpensive Restaurants Below Rs 500 near me in Ahmedabad - Justdial",2026-08-25 00:00:00
MP076,R016,P017,60,1,Serving,,Delivery,https://www.zomato.com/ahmedabad/maher-kathiyawadi-shahibagh/menu,2026-08-25 00:00:00
MP077,R016,P018,110,1,Serving,,Delivery,https://www.zomato.com/ahmedabad/maher-kathiyawadi-shahibagh/menu,2026-08-25 00:00:00
MP078,R016,P013,120,1,Serving,,Delivery,https://www.zomato.com/ahmedabad/maher-kathiyawadi-shahibagh/menu,2026-08-25 00:00:00
MP079,R016,P009,220,1,Thali,,Delivery,https://www.zomato.com/ahmedabad/maher-kathiyawadi-shahibagh/menu,2026-08-25 00:00:00
MP080,R016,P001,190,1,Serving,,Delivery,https://www.zomato.com/ahmedabad/maher-kathiyawadi-shahibagh/menu,2026-08-25 00:00:00
MP081,R016,P011,170,1,Serving,,Delivery,https://www.zomato.com/ahmedabad/maher-kathiyawadi-shahibagh/menu,2026-08-25 00:00:00
MP082,R016,P023,230,1,Serving,,Delivery,https://www.zomato.com/ahmedabad/maher-kathiyawadi-shahibagh/menu,2026-08-25 00:00:00
MP083,R016,P025,170,1,Serving,,Delivery,https://www.zomato.com/ahmedabad/maher-kathiyawadi-shahibagh/menu,2026-08-25 00:00:00
MP084,R017,P011,135,1,Serving,,Delivery,https://www.justdial.com/Ahmedabad/Kismat-Kathiyawadi-Gota/079PXX79-XX79-210118182241-I6K9_BZDET,2026-08-25 00:00:00
MP085,R017,P012,135,1,Serving,,Delivery,https://www.justdial.com/Ahmedabad/Kismat-Kathiyawadi-Gota/079PXX79-XX79-210118182241-I6K9_BZDET,2026-08-25 00:00:00
MP086,R017,P039,135,1,Serving,,Delivery,https://www.justdial.com/Ahmedabad/Kismat-Kathiyawadi-Gota/079PXX79-XX79-210118182241-I6K9_BZDET,2026-08-25 00:00:00
MP087,R017,P018,175,1,Serving,,Delivery,https://www.justdial.com/Ahmedabad/Kismat-Kathiyawadi-Gota/079PXX79-XX79-210118182241-I6K9_BZDET,2026-08-25 00:00:00
MP088,R017,P013,200,1,Serving,,Delivery,https://www.justdial.com/Ahmedabad/Kismat-Kathiyawadi-Gota/079PXX79-XX79-210118182241-I6K9_BZDET,2026-08-25 00:00:00
MP089,R017,P036,190,250,Gm,,Delivery,https://www.justdial.com/Ahmedabad/Kismat-Kathiyawadi-Gota/079PXX79-XX79-210118182241-I6K9_BZDET,2026-08-25 00:00:00
MP090,R017,P011,160,250,Gm,,Delivery,https://www.justdial.com/Ahmedabad/Kismat-Kathiyawadi-Gota/079PXX79-XX79-210118182241-I6K9_BZDET,2026-08-25 00:00:00
MP091,R017,P013,160,250,Gm,,Delivery,https://www.justdial.com/Ahmedabad/Kismat-Kathiyawadi-Gota/079PXX79-XX79-210118182241-I6K9_BZDET,2026-08-25 00:00:00
